<beans xmlns="http://www.springframework.org/schema/beans"
	xmlns:xsi="http://www.w3.org/2001/XMLSchema-instance"
	xmlns:context="http://www.springframework.org/schema/context"
	xsi:schemaLocation="http://www.springframework.org/schema/beans
    http://www.springframework.org/schema/beans/spring-beans-3.0.xsd
    http://www.springframework.org/schema/context
    http://www.springframework.org/schema/context/spring-context-3.0.xsd">

	<context:annotation-config></context:annotation-config>

	<bean class="com.demo.Employee" id="barath" >
		<constructor-arg type="int" value="344"></constructor-arg>
		<constructor-arg value="soma"></constructor-arg>
		<constructor-arg type="int" value="2000"></constructor-arg>
     <!--   <constructor-arg ref="add"></constructor-arg>  --> 
	</bean>


	<bean class="com.demo.Address" id="add">
		<constructor-arg type="int"  value="789"></constructor-arg>
		<constructor-arg value="saraswathi"></constructor-arg>
		<constructor-arg value="andrapradesh"></constructor-arg>
		<constructor-arg type="int"  value="388889"></constructor-arg>
	</bean>


</beans>