<?xml version="1.0" encoding="UTF-8"?>
<!DOCTYPE hibernate-mapping PUBLIC "-//Hibernate/Hibernate Mapping DTD 3.0//EN"
"http://www.hibernate.org/dtd/hibernate-configuration-3.0.dtd">

   
 <hibernate-mapping>  
  <class name="com.demo.Employee" table="marchemployee">  
    <id name="empid">  
     <generator class="assigned"></generator>  
    </id>  
            
    <property  name="empname" ></property>  
    <property name="empsal"></property>  
    <property name="empadd"></property>      
  </class>  
            
 </hibernate-mapping>  
 
 
 
 
