<beans xmlns="http://www.springframework.org/schema/beans"
	xmlns:xsi="http://www.w3.org/2001/XMLSchema-instance"
	xmlns:context="http://www.springframework.org/schema/context"
	xsi:schemaLocation="http://www.springframework.org/schema/beans
    http://www.springframework.org/schema/beans/spring-beans-3.0.xsd
    http://www.springframework.org/schema/context
    http://www.springframework.org/schema/context/spring-context-3.0.xsd">

	<context:annotation-config></context:annotation-config>

	<bean class="com.demo.Employee" id="keerthi">
	<property name="empid" value="234"></property>
	<property name="empname" value="sathya"></property>
	<property name="empsal" value="70000"></property>
	<property name="empadd" value="hyd"></property>
	<property name="subjects">
	     <list>
	        <value>Html</value>
	         <value>css</value>
	          <value>js</value>
	           <value>java</value>
	           
	     </list>
	</property>
	</bean>


</beans>