<beans xmlns="http://www.springframework.org/schema/beans"
	xmlns:xsi="http://www.w3.org/2001/XMLSchema-instance"
	xmlns:context="http://www.springframework.org/schema/context"
	xsi:schemaLocation="http://www.springframework.org/schema/beans
    http://www.springframework.org/schema/beans/spring-beans-3.0.xsd
    http://www.springframework.org/schema/context
    http://www.springframework.org/schema/context/spring-context-3.0.xsd">

	<context:annotation-config></context:annotation-config>
     
     
   <bean class="com.demo.Address" id="add1">
   <property name="hunum" value="123"></property>
   <property name="colony" value="sarswathi nagar"></property>
   <property name="state" value="telenagana"></property>
   <property name="pincode" value="500074"></property>
   </bean>
   
   <bean class="com.demo.Address" id="add2">
   <property name="hunum" value="322"></property>
   <property name="colony" value="telephone colony"></property>
   <property name="state" value="telenagana"></property>
   <property name="pincode" value="700056"></property>
   </bean>
  
  <bean class="com.demo.Employee" id="sathya">
    <property name="empid" value="111"></property>
     <property name="empname" value="kalki"></property>
      <property name="empsal" value="3000"></property>
       <property name="empadd" value="goa"></property>
       <property name="address">
          <list>
            <ref bean="add1"/>
            <ref bean="add2"/>
          </list>
       </property>
  </bean>

	

</beans>