<!DOCTYPE hibernate-configuration PUBLIC
	"-//Hibernate/Hibernate Configuration DTD 3.0//EN"
	"http://hibernate.sourceforge.net/hibernate-configuration-3.0.dtd">
<hibernate-configuration>
<session-factory>

<property name="connection.driver_class">com.mysql.jdbc.Driver</property>
<property name="connection.url">jdbc:mysql://localhost:3306/hi</property>
<property name="connection.username">root</property>
<property name="connection.password">Sathya@123</property>



<property name="dialect">org.hibernate.dialect.MySQL5Dialect</property>
<property name="hbm2ddl.auto">update</property>
<property name="show_sql">true</property>

<mapping resource="hibernate.hbm.xml"/>

</session-factory>
</hibernate-configuration>