<?xml version="1.0" encoding="UTF-8"?>
<!DOCTYPE hibernate-mapping PUBLIC "-//Hibernate/Hibernate Mapping DTD 3.0//EN"
"http://www.hibernate.org/dtd/hibernate-configuration-3.0.dtd">

   
 <hibernate-mapping>  
  <class name="com.demo.Employee" table="emp1000">  
    <id name="id">  
     <generator class="assigned"></generator>  
    </id>  
            
    <property  name="name" ></property>  
    <property name="address"></property>  
            
  </class>  
            
 </hibernate-mapping>  
 
 
 
 
